{
  "annotation": {
    "automatic": true,
    "messages_filter": 29,
    "method": 0,
    "options": 1,
    "recursive": true,
    "scope": 0,
    "sort_order": 0
  },
  "appearance": {
    "color_theme": "_builtin_default",
    "default_font": "Consolas",
    "edit_label_height": 420,
    "edit_label_visible_columns": "0 1 2 3 4 5 6 7",
    "edit_label_width": 696,
    "edit_sheet_height": -1,
    "edit_sheet_visible_columns": "0 1 2 3 4 5 6 7",
    "edit_sheet_width": -1,
    "edit_symbol_height": 534,
    "edit_symbol_visible_columns": "0 1 2 3 4 5 6 7",
    "edit_symbol_width": 764,
    "erc_severities": 24,
    "footprint_preview": true,
    "print_sheet_reference": true,
    "show_erc_errors": true,
    "show_erc_exclusions": false,
    "show_erc_warnings": true,
    "show_hidden_fields": false,
    "show_hidden_pins": false,
    "show_illegal_symbol_lib_dialog": true,
    "show_page_limits": true,
    "show_sexpr_file_convert_warning": true,
    "show_sheet_filename_case_sensitivity_dialog": true
  },
  "aui": {
    "hierarchy_panel_docked_width": 200,
    "hierarchy_panel_float_height": 200,
    "hierarchy_panel_float_width": 200,
    "schematic_hierarchy_float": false,
    "show_schematic_hierarchy": true
  },
  "autoplace_fields": {
    "align_to_grid": true,
    "allow_rejustify": true,
    "enable": true
  },
  "bom": {
    "plugins": [
      {
        "command": "",
        "name": "bom_csv_grouped_extra",
        "path": "bom_csv_grouped_extra.py"
      },
      {
        "command": "",
        "name": "bom_csv_grouped_by_value",
        "path": "bom_csv_grouped_by_value.py"
      },
      {
        "command": "",
        "name": "bom_csv_grouped_by_value_with_fp",
        "path": "bom_csv_grouped_by_value_with_fp.py"
      }
    ],
    "selected_plugin": ""
  },
  "color_picker": {
    "default_tab": 0
  },
  "cross_probing": {
    "auto_highlight": true,
    "center_on_items": true,
    "on_selection": true,
    "zoom_to_fit": true
  },
  "drawing": {
    "auto_start_wires": true,
    "default_bus_thickness": 12,
    "default_junction_size": 36,
    "default_line_thickness": 6,
    "default_repeat_offset_x": 0,
    "default_repeat_offset_y": 100,
    "default_sheet_background_color": "rgba(0, 0, 0, 0.000)",
    "default_sheet_border_color": "rgba(0, 0, 0, 0.000)",
    "default_text_size": 50,
    "default_wire_thickness": 6,
    "field_names": "",
    "junction_size_choice": 3,
    "junction_size_mult_list": [
      0.0,
      1.7,
      4.0,
      6.0,
      9.0,
      12.0
    ],
    "line_mode": 1,
    "pin_symbol_size": 25,
    "repeat_label_increment": 1,
    "text_offset_ratio": 0.08
  },
  "field_editor": {
    "column_widths": {},
    "fields_group_by": {},
    "fields_show": {
      "Reference": true
    }
  },
  "find_replace": {
    "find_history": [],
    "find_string": "",
    "match_case": false,
    "match_mode": 0,
    "replace_history": [],
    "replace_references": false,
    "replace_string": "",
    "search_all_fields": false,
    "search_all_pins": false,
    "search_and_replace": false,
    "search_current_sheet_only": false
  },
  "graphics": {
    "canvas_type": 1,
    "highlight_factor": 0.5,
    "select_factor": 0.75
  },
  "input": {
    "drag_is_move": false,
    "esc_clears_net_highlight": true
  },
  "lib_tree": {
    "column_widths": {
      "Description": 600,
      "Item": 300
    },
    "columns": [
      "Item",
      "Description"
    ]
  },
  "lib_view": {
    "cmp_list_width": 150,
    "lib_list_width": 150,
    "show_pin_electrical_type": true,
    "window": {
      "display": 0,
      "maximized": false,
      "perspective": "layout2|name=InfoBar;caption=;state=131454;dir=1;layer=1;row=0;pos=0;prop=100000;bestw=20;besth=30;minw=-1;minh=-1;maxw=-1;maxh=-1;floatx=-1;floaty=-1;floatw=-1;floath=-1|name=MainToolbar;caption=;state=139632;dir=1;layer=6;row=0;pos=0;prop=100000;bestw=663;besth=37;minw=-1;minh=-1;maxw=-1;maxh=-1;floatx=-1;floaty=-1;floatw=-1;floath=-1|name=MsgPanel;caption=;state=131452;dir=3;layer=6;row=0;pos=0;prop=100000;bestw=384;besth=30;minw=-1;minh=-1;maxw=-1;maxh=-1;floatx=-1;floaty=-1;floatw=-1;floath=-1|name=Libraries;caption=;state=1020;dir=4;layer=2;row=0;pos=0;prop=100000;bestw=200;besth=-1;minw=100;minh=-1;maxw=-1;maxh=-1;floatx=-1;floaty=-1;floatw=-1;floath=-1|name=Symbols;caption=;state=1020;dir=4;layer=1;row=0;pos=0;prop=100000;bestw=300;besth=-1;minw=100;minh=-1;maxw=-1;maxh=-1;floatx=-1;floaty=-1;floatw=-1;floath=-1|name=DrawFrame;caption=;state=1020;dir=5;layer=0;row=0;pos=0;prop=100000;bestw=384;besth=388;minw=-1;minh=-1;maxw=-1;maxh=-1;floatx=-1;floaty=-1;floatw=-1;floath=-1|dock_size(1,6,0)=37|dock_size(3,6,0)=30|dock_size(4,2,0)=152|dock_size(4,1,0)=152|dock_size(5,0,0)=145|",
      "pos_x": 778,
      "pos_y": 125,
      "size_x": 500,
      "size_y": 400
    }
  },
  "meta": {
    "version": 3
  },
  "netlist": {
    "plugins": []
  },
  "page_settings": {
    "export_comment1": false,
    "export_comment2": false,
    "export_comment3": false,
    "export_comment4": false,
    "export_comment5": false,
    "export_comment6": false,
    "export_comment7": false,
    "export_comment8": false,
    "export_comment9": false,
    "export_company": false,
    "export_date": false,
    "export_paper": false,
    "export_revision": false,
    "export_title": false
  },
  "plot": {
    "background_color": false,
    "color": true,
    "color_theme": "user",
    "format": 0,
    "frame_reference": true,
    "hpgl_origin": 0,
    "hpgl_paper_size": 0,
    "hpgl_pen_size": 0.5,
    "other_open_file_after_plot": false
  },
  "printing": {
    "background": false,
    "color_theme": "",
    "layers": [],
    "monochrome": true,
    "scale": 1.0,
    "title_block": false,
    "use_theme": false
  },
  "selection": {
    "draw_selected_children": true,
    "fill_shapes": false,
    "highlight_thickness": 2,
    "select_pin_selects_symbol": false,
    "thickness": 3
  },
  "simulator": {
    "cursors_panel_height": 0,
    "plot_panel_height": 0,
    "plot_panel_width": 0,
    "signal_panel_height": 0,
    "white_background": false,
    "window": {
      "display": 0,
      "maximized": false,
      "perspective": "",
      "pos_x": 0,
      "pos_y": 0,
      "size_x": 500,
      "size_y": 400
    }
  },
  "symbol_chooser": {
    "height": 563,
    "keep_symbol": false,
    "place_all_units": true,
    "sash_pos_h": 385,
    "sash_pos_v": 431,
    "width": 683
  },
  "system": {
    "file_history": [
      "D:\\Git\\SampiGit\\Business\\LVUPS\\V1\\V1\\Design\\SAMP.LVUPS\\SAMP.LVUPS.kicad_sch"
    ],
    "first_run_shown": false,
    "last_imperial_units": 0,
    "last_metric_units": 1,
    "last_symbol_lib_dir": "D:\\Git\\SampiGit\\Library\\Kicad\\master\\LiemLib",
    "max_undo_items": 0,
    "never_show_rescue_dialog": false,
    "units": 1
  },
  "window": {
    "cursor": {
      "always_show_cursor": true,
      "fullscreen_cursor": true
    },
    "display": 0,
    "grid": {
      "axes_enabled": false,
      "fast_grid_1": 1,
      "fast_grid_2": 2,
      "last_size": 1,
      "line_width": 1.0,
      "min_spacing": 10.0,
      "show": true,
      "snap": 0,
      "style": 1,
      "user_grid_x": "10 mil",
      "user_grid_y": "10 mil"
    },
    "maximized": true,
    "mru_path": "",
    "perspective": "layout2|name=InfoBar;caption=;state=131454;dir=1;layer=1;row=0;pos=0;prop=100000;bestw=20;besth=30;minw=-1;minh=-1;maxw=-1;maxh=-1;floatx=-1;floaty=-1;floatw=-1;floath=-1|name=MainToolbar;caption=;state=139632;dir=1;layer=6;row=0;pos=0;prop=100000;bestw=1294;besth=37;minw=-1;minh=-1;maxw=-1;maxh=-1;floatx=-1;floaty=-1;floatw=-1;floath=-1|name=MsgPanel;caption=;state=131452;dir=3;layer=6;row=0;pos=0;prop=100000;bestw=384;besth=30;minw=-1;minh=-1;maxw=-1;maxh=-1;floatx=-1;floaty=-1;floatw=-1;floath=-1|name=SchematicHierarchy;caption=Schematic Hierarchy;state=2099148;dir=4;layer=3;row=0;pos=0;prop=100000;bestw=200;besth=200;minw=120;minh=60;maxw=-1;maxh=-1;floatx=246;floaty=63;floatw=200;floath=200|name=OptToolbar;caption=;state=139596;dir=4;layer=2;row=0;pos=0;prop=100000;bestw=37;besth=425;minw=-1;minh=-1;maxw=-1;maxh=-1;floatx=-1;floaty=-1;floatw=-1;floath=-1|name=ToolsToolbar;caption=;state=139596;dir=2;layer=2;row=0;pos=0;prop=100000;bestw=37;besth=829;minw=-1;minh=-1;maxw=-1;maxh=-1;floatx=-1;floaty=-1;floatw=-1;floath=-1|name=DrawFrame;caption=;state=1020;dir=5;layer=0;row=0;pos=0;prop=100000;bestw=384;besth=388;minw=-1;minh=-1;maxw=-1;maxh=-1;floatx=-1;floaty=-1;floatw=-1;floath=-1|dock_size(1,6,0)=37|dock_size(3,6,0)=30|dock_size(4,2,0)=37|dock_size(2,2,0)=37|dock_size(5,0,0)=386|dock_size(4,3,0)=202|",
    "pos_x": -8,
    "pos_y": -8,
    "size_x": 1382,
    "size_y": 736,
    "zoom_factors": [
      0.05,
      0.07,
      0.1,
      0.15,
      0.2,
      0.3,
      0.5,
      0.7,
      1.0,
      1.5,
      2.0,
      3.0,
      4.5,
      6.5,
      10.0,
      15.0,
      20.0,
      30.0,
      45.0,
      65.0,
      100.0
    ]
  }
}
