{
  "appearance": {
    "color_theme": "_builtin_default"
  },
  "color_picker": {
    "default_tab": 0
  },
  "cross_probing": {
    "auto_highlight": true,
    "center_on_items": true,
    "on_selection": true,
    "zoom_to_fit": true
  },
  "defaults": {
    "line_width": 0,
    "pin_length": 100,
    "pin_name_size": 50,
    "pin_num_size": 50,
    "text_size": 50
  },
  "edit_symbol_visible_columns": "0 1 2 3 4 5 6 7",
  "find_replace": {
    "find_history": [],
    "find_string": "",
    "match_case": false,
    "match_mode": 0,
    "replace_history": [],
    "replace_string": "",
    "search_and_replace": false
  },
  "graphics": {
    "canvas_type": 1,
    "highlight_factor": 0.5,
    "select_factor": 0.75
  },
  "lib_table_width": 250,
  "lib_tree": {
    "column_widths": null,
    "columns": []
  },
  "meta": {
    "version": 1
  },
  "pin_table_visible_columns": "0 1 2 3 4 5 9 10",
  "printing": {
    "background": false,
    "color_theme": "",
    "layers": [],
    "monochrome": true,
    "scale": 1.0,
    "title_block": false,
    "use_theme": false
  },
  "repeat": {
    "label_delta": 1,
    "pin_step": 100
  },
  "show_pin_electrical_type": true,
  "system": {
    "file_history": [],
    "first_run_shown": false,
    "last_imperial_units": 0,
    "last_metric_units": 1,
    "max_undo_items": 0,
    "units": 1
  },
  "use_eeschema_color_settings": true,
  "window": {
    "cursor": {
      "always_show_cursor": true,
      "fullscreen_cursor": true
    },
    "display": 0,
    "grid": {
      "axes_enabled": false,
      "fast_grid_1": 1,
      "fast_grid_2": 2,
      "last_size": 1,
      "line_width": 1.0,
      "min_spacing": 10.0,
      "show": true,
      "snap": 0,
      "style": 1,
      "user_grid_x": "10 mil",
      "user_grid_y": "10 mil"
    },
    "maximized": false,
    "mru_path": "",
    "perspective": "",
    "pos_x": 0,
    "pos_y": 0,
    "size_x": 0,
    "size_y": 0,
    "zoom_factors": []
  }
}
